ID,Observation,How Established,Detail
WC-012,"FC route inventory: ~60 routes, only 4 in sidebar nav",(untagged),"Source: src/routes.js. ~56 routes are deep-link only (not surfaced in navigation). Impact on QA: clicking the UI would have found ~7% of screens. Hidden routes (e.g. /fc/batch-finish/remarks, /fc/job-application-edit, /fc/view-form-b) are prime spots for missing auth/validation. These become the test target list."
WC-015,PM (Placement Manager) deferred: still under development,RESOLVED — scope decision,"Status: the client confirmed PM is still being built. Excluded from QA scope by agreement rather than blocked on a credential. Testing an in-flight build produces findings that are obsolete before they are read. Re-entry condition: client declares PM feature-complete -> request a login, run the same Phase 1 categories against its 46 routes. Route inventory is already captured in data/routes/pm.json, so restarting costs nothing."
WC-021,OC persona served at /oc/ (not root),(untagged),"Correction to earlier assumption. OC app renders fine at /oc/. Earlier ""OC broken"" was a test-harness prefix error, now fixed. OC's empty role_profile (F13) does not block the app."
WC-022,"Clean smoke baseline (workers=3, retry=1), pre-OC-fix",(untagged),CH 22/22 pass · SM 40/40 pass · SP 25/27 · SYC 44/50 · FC 43/56 · OC (re-running at /oc/) --- # Phase 1 category 2 — RBAC read-leakage (2026-09-18)
WC-026,8 of 67 role-exclusive endpoints fail for their own persona,(untagged),Existing defects surfaced by the control baseline; they are excluded from the access verdict because a broken endpoint cannot demonstrate anything about permissions. Overlaps the 500/404 findings already recorded. --- # Phase 1 category 4 — Accessibility baseline (2026-09-18)
WC-029,Accessibility coverage is partial by nature,METHOD NOTE,"axe-core detects roughly 30–40% of WCAG issues. Everything above is a genuine defect, but a clean axe run would not mean the platform is accessible. Keyboard traversal, focus order, screen-reader semantics and colour-in-context still require a manual pass, which is not in the current scope. This is stated so the baseline is not read as full accessibility assurance. Gate policy: the suite fails on critical only; serious/moderate/minor are recorded as a prioritised backlog. A suite that fails on every severity from day one gets ignored, and an ignored suite protects nothing."
WC-034,"Blank routes classified: 14 wholly broken, 2 not reproducing",VERIFIED,"Method: each of the 16 persistent failures was loaded directly, then reached again by client-side navigation from the working application root (history.pushState + popstate, which is what a React Router link does). Result: 14 render nothing by either path. These are broken screens, not deep-link defects — which simplifies the remediation: there is no router-state subtlety to chase."
WC-036,batch_list flagged but NOT an unambiguous violation,VERIFIED,"Batch records carry a training_centers[] array, and CH and SYC see entries naming centres outside their permitted list. However, zero batch records were wholly outside scope — every one included at least one centre the caller is permitted for. A batch spanning several centres legitimately names all of them. Recorded as characterisation, not a defect. Confirming intent is a question for the client."
WC-037,utils.get_training_center_list returns the full centre list to every persona,VERIFIED,"The response is a reference list of centre names. A picker, not records. FC sees 5 centres beyond its permitted set, CH sees 8. Not a record disclosure. It does expose the organisation's centre structure to every account, so it is recorded for the client to confirm as intended."
WC-042,Four applications ship coming-soon placeholder screens,VERIFIED,"Where: SP, SYC, SM and OC each define a coming-soon route. Why it is recorded: it establishes that some screens are intentionally incomplete. This bears directly on the sixteen blank routes: a subset may be unbuilt features rather than defects. Resolving which is a client decision, raised as item 10.1 in the characterisation document."
WC-045,Accessibility at full coverage: the shared-component pattern confirmed at scale,(untagged),"182 of 235 routes carry violations; 3,593 elements in total. Four rules fire on every single affected route (182/182): aria-allowed-attr (808 elements), image-alt (428), listitem (1,452), list (182). Sampling 30 routes suggested this pattern; full coverage confirms it exactly. These are one shared navigation component repeated across every screen of every application."
WC-046,Asset integrity at full coverage: clean,VERIFIED — clean result,"2,157 asset requests across all 235 routes. Zero failures. No missing assets, no unbundled source paths. The earlier clean result on a 33-route sample holds across the full inventory."
WC-049,Route classification resolved by repeated execution,METHOD + RESULT,"Method: the full 235-route sweep executed three consecutive times. A route is judged on how it behaves across all three, not on any single run, because a platform that fails intermittently cannot be characterised by one observation. - Measured instability: 3.0% of routes behaved inconsistently across the three executions at three concurrent sessions. That figure describes the platform, not the suite."
WC-050,Two defects we had recorded were disproved by repeated execution,CORRECTION,"/fc/daily-activity was added to the known-defect registry on the strength of a single sweep. Across three consecutive executions it rendered every time. It was one flake, recorded as a defect. Removed. /all-notifications was identified after two cycles as an unrecorded defect. The third cycle showed it rendering; single-session runs confirmed it. Classified environmental, not a defect."
WC-051,The known-defect registry now matches the evidence exactly,VERIFIED,"Every one of the 14 registered blank routes is blank in all three executions, and every route blank in all three executions is registered. Verified programmatically, not by inspection."
WC-052,Invoice write-on-load reproduced across three consecutive executions,VERIFIED,"The two invoice preparation routes were asserted to attempt exactly the registered prepare_tax_invoice POST on load. Those assertions passed in all three cycles, meaning the write was attempted every time and no *additional* mutating request occurred. The finding is therefore reproducible, and its scope is bounded: one endpoint, two routes, no other writes anywhere in 235 routes × 3 executions."
WC-053,Unauthenticated access: complete rather than sampled,VERIFIED — clean result,"Earlier the claim rested on 23 probes. All 71 distinct endpoints observed in use were then probed with no credential: every one returned 403, none served data. The claim ""no observed endpoint serves data to an unauthenticated caller"" is now complete across the observed endpoint set, rather than inferred from a sample."
WC-054,"Dynamic-route coverage completed: 17 of 17, no client input required",VERIFIED,"The earlier coverage gap was self-inflicted, not a client dependency. Six routes were recorded as blocked pending sample values for :category, :invoiceId and :preEnquiryId. All three were obtainable from the platform: - Why it was missed: the endpoint inventory is built from six sampled routes per persona, so screens never sampled — invoicing, the pre-enquiry list — contributed no endpoints, and their identifiers looked unobtainable when they were merely unvisited. The first harvest also ran while sessions were being rotated by a concurrent suite, which produced 401s that read as access failures. Neither was re-tested after the session handling was fixed."
WC-057,Spike VERDICT: a drift-free isolated environment is built and verified,VERIFIED,"No inter-application dependencies. Every required_apps declaration is commented out, so the eight applications install independently of one another. Minimal external dependencies. Only outreach declares any: indiapins, gspread, google-auth — all standard packages. The Google dependencies suggest a Sheets integration that may need credentials at runtime, relevant only to that feature."
WC-060,"Employee is provided by ERPNext, resolving the earlier gap",VERIFIED,"The authentication service queries an Employee doctype that none of the eight WeConnect applications defines. It is supplied by ERPNext, in its Setup module — confirmed on an installed instance by querying the doctype's owning module, not inferred. Frappe HR is not installed on the client's platform, so the HR-EMP- identifier series comes from ERPNext's own naming configuration rather than from Frappe HR. An earlier note attributing it to Frappe HR was written before the installed-application list was read properly."
WC-061,Schema metadata is not readable by persona accounts,VERIFIED — clean result,"Check: requested DocType metadata for 16 framework doctypes using the Skilling Manager account, both through frappe.client.get_list and the REST resource endpoint. Result: 403 Permission Denied on every one. An ordinary user cannot enumerate the schema, which is correct behaviour and the desired posture."
WC-064,The login endpoint returns api_key: null on a repeat login,VERIFIED — reproducible in isolation,"Observed: on a first login for an account, authentication.api.auth.login returns both api_key and api_secret. On a subsequent login for the same account it returned api_key: null with api_secret still populated. Why it matters to us: any caller that re-authenticates and stores the returned pair will write a null key. This is adjacent to the session-rotation defect already recorded, where blind re-authentication rotated api_secret and invalidated in-flight sessions. Both point at the same underlying design: credential issue is stateful and a repeat login is not idempotent."
WC-066,Measured data cardinality on the platform,VERIFIED — no values recorded,"Taken to size the Phase 2 synthetic dataset, using GET requests only, recording counts and structure but never field values. The resulting file contains zero record identifiers. - Why it matters to the engagement: a lifecycle test against one empty record is not the test the client needs. The synthetic dataset is scaled from these figures — roughly an order of magnitude smaller, preserving ratios and keeping list pagination (20 per page) exercised."
WC-067,"The API envelope is non-standard, and has now caused two defects in our own tooling",VERIFIED,"The platform does not use Frappe's {""message"": <payload>} convention. It returns its own envelope at the top level: json {""success_key"": 1, ""message"": ""Fetched Counselling successfully!"", ""data"": [...], ""count"": 20, ""total_pages"": 41, ""total_data_count"": 810}."
WC-070,"Authorisation is implemented per endpoint, not enforced by the framework",VERIFIED,"Authorisation is by User Permission on Lighthouse Centre, resolved at login into permitted_centres, with endpoints filtering against it. Frappe's role-permission system is not doing this work. Every doctype-level rule in source grants System Manager only. This is the root-cause class of the S1. Where scope enforcement is a filter each endpoint must remember to apply, rather than a property the framework guarantees, a missing filter is not an anomaly. It is the expected failure mode. It also explains why sibling endpoints behave correctly while one does not: they are independent implementations, not a shared guarantee."
WC-075,Write-side permission boundaries hold for Task,VERIFIED — clean result,"Probed on the isolated instance across all six fully-disjoint persona pairs, for two operations — edit (update_task) and state change (update_task_status): Why this clean result means something. Every probe carries two controls, because a refusal proves nothing on its own. An endpoint that is simply broken refuses everyone and reads as perfect access control:"
WC-081,Framework-level centre scoping works; the risk is application-level bypass,"VERIFIED — runtime, corrects a query-method error","Established on the isolated instance: Frappe's User Permission restriction on Lighthouse Centre correctly scopes centre-linked records. A persona permitted for one centre, queried through the permission-respecting API (get_list), sees only that centre's records; a cross-centre write through the ordinary .save() path is refused with PermissionError. A method error was caught before it became a false finding. An initial check used frappe.get_all, which bypasses permissions by design, and appeared to show a persona seeing all six centres' youth. Re-run with frappe.get_list (which enforces permissions) showed the correct scoping — 8 of 8 own-centre youth, none other … (full detail in the findings register)"
WC-082,update_youth_status cross-centre boundary holds,"VERIFIED — runtime, clean result","Tested on a disjoint pair: sp (East/West) attempted to change the status of a youth owned by North via youth_skilling.api.actions.update_youth_status. Result: refused, PermissionError, youth status unchanged. Notable because the source looked unsafe: it performs a global has_permission(""Youth"",""write"") and then a get_doc with no centre check. The protection comes from youth_doc.save() re-applying User Permissions. This is the pattern the 30 truly-bypassed endpoints break by passing ignore_permissions=True to that same save."
WC-083,Lifecycle coverage: create/read/update/state-change verified; no object exposes delete,VERIFIED — runtime,"Verified end-to-end on the isolated instance, as the owning persona through the API: 8 objects tested. Create passes on 7 of 8 (Community Visit blocked on approval-workflow config). Read passes on all 7 created. Update passes on 6 of 7. The state-change column shows the richest picture: 2 clean passes, 1 confirmed defect (Enquiry Form typo), and a cluster of API-context 403s recorded separately as a reproducible discrepancy under investigation."
WC-086,Skilling Invoice creation via ORM hit an unresolved SQL error,OBSERVED — not root-caused,"Creating a Skilling Invoice directly (to fixture the financial-endpoint test) failed with pymysql OperationalError (1054): Unknown column 'skilling_batch' in 'WHERE', raised from within the invoice's own save path. The column skilling_batch exists on Skilling Assessment Submission (verified), so the failing query references it on a different table that lacks it — not located. Recorded as an observation, not a defect. It may be that a synthetic invoice missing fields a real creation flow sets provokes a query with a bad value, rather than a universal bug. Invoices clearly exist in production, so the normal creation path works; ours did not, and the difference was not pursued to root cause … (full detail in the findings register)"
WC-090,Community Visit creation is blocked by an unconfigured approval workflow,OBSERVED,"Creating a Community Visit auto-generates an Approval (via a doctype hook) whose category must have ref_doc == ""Community Visit"". On a clean install no such category exists, so creation fails with ""Invalid Approval Category for Document Type Community Visit."" Configuring one did not immediately resolve it. The hook appears to select a category by a rule not yet traced. Recorded as the same class as the other config-not-in-repo findings: the Community Visit flow depends on approval-category configuration that is production database state, absent from the repositories. Full lifecycle testing of Community Visit is deferred pending that configuration."
WC-093,Course creation requires a 20+ field wizard payload,OBSERVED — lifecycle coverage note,"youth_skilling.api.skilling_repository.add_course validates more than twenty required fields before it will create a course — course_name, category, onboarding_date, screening flag, partner, training centre, certificate authority, lighthouse centre, QP code, education, eligibility remark, gender, age group, batch type, training mode, employment type, aligned job roles, durations, and more — several of them Links to other master records. Not a defect — a course is a genuinely complex object … (full detail in the findings register)"
WC-094,"Lifecycle coverage summary: 8 objects fully driven, patterns established",VERIFIED,"Objects driven through their lifecycle (create/read/update/state): Task, Pre Enquiry, Enquiry Form, Counselling, Approval, Follow Up, Skilling Issue (8th, Community Visit, blocked on approval config). Across personas fc, oc, ch, sp. Create succeeds on 7 of 8; read on 7; update on 6. The state-change column is where the defects live: 2 clean, 1 confirmed defect (Enquiry typo), the verified API-403 cluster (S2)."
WC-098,"Systematic validation/error-state sweep: validation is sound, error delivery is poor",VERIFIED — runtime,"Method. Six mutation endpoints across four personas were fed (a) an empty payload and (b) a well-formed payload carrying invalid values — nonexistent link references, bad enum values, an end-date before the start-date. data/validation-probe-results.json has the table. - The clean result — validation itself works. No endpoint accepted invalid data (zero false-OK). Bad enum values, nonexistent references and impossible dates were all refused. Invalid data does not get written. This is the property that matters most, and it holds."
WC-100,Transactional integrity holds for batch operations,VERIFIED — clean result,"Tested: update_youth_status called with a list of two IDs — one valid (a North youth the FC persona owns) and one nonexistent — and a status change. Result: the endpoint returned HTTP 400 ""Invalid id"" and the valid youth's status was unchanged — it validated the entire batch before applying any change, rather than mutating the valid record and then failing on the invalid one."
WC-102,Auto-resolving create prober: coverage tool and its limits,VERIFIED,"Built utils/auto-create-probe.mjs, which drives a create endpoint by iterating call -> read the error -> satisfy it -> retry, resolving required fields, invalid links (by querying the database) and enum constraints automatically. It extended create coverage to Registration Form B and re-confirmed Task, Skilling Issue and Follow Up without hand-built payloads."
WC-107,A PostgreSQL data dump is stored in the data-pipeline-dashboard repository,VERIFIED — archive TOC and schema; confirmed intentional by the QA lead,"Not raised as a defect. Recorded for completeness because the file was examined during the review of the foundation's GitHub organisation, and because a reader of the register may otherwise wonder whether it was missed. - Where: Lighthouse-Communities-Foundation/data-pipeline-dashboard, lcf_data.sql, on the default branch. The repository is private."
WC-113,Coverage assessed against OWASP API Security Top 10 (2023),METHOD,"This engagement's security testing grew out of functional QA rather than from a security standard, so its coverage was mapped against the OWASP API Security Top 10 after the fact. The mapping is recorded here so that what was and was not examined is explicit. Follow-up (2026-09-22): the four untested categories have since been examined, together with SQL injection and file upload. API7 came back clean; API3, API4 and API6 each produced findings, recorded above. Injection is clean (all 339 raw SQL calls taint-analysed). The only remaining partial areas are a full mass-assignment sweep across every data-accepting endpoint, and CORS configuration."
WC-119,SQL injection assessment: no injectable site found; one fragile pattern noted,"VERIFIED — source, taint analysis of all 339 raw SQL calls","Assessed in response to the OWASP/CWE injection category, which had not been examined systematically. The result is a clean one, recorded here so that what was checked is explicit. - Method. Every frappe.db.sql() call in the eight applications was located by static analysis (339 in total), and each was classified by what it interpolates into the SQL string: a locally-built clause fragment, a value derived from the ORM or the server, or a value reaching the string directly from a request parameter."
WC-124,"Mass-assignment sweep: every endpoint re-examined, and a correction to our earlier count","VERIFIED — source analysis, re-run 2026-09-25","Completes the API3 category. This entry replaces an earlier version that reported 28 sites with 22 filtered and 6 not. Re-running the analysis with two faults removed changed the answer, and the earlier figures should not be relied on. 1. Commented-out code was counted. outreach/apis/pec/form.py contains a large block of dead code around line 518 in which a doc.update(data) and a save(ignore_permissions=True) appear. Every line is commented. It is not reachable and should never have been in the count. 2. A denylist was read as a filter. Several handlers call remove_keys_from_dict(data, keys_to_remove) or data.pop(...) before the write … (full detail in the findings register)"
